"APT","country","campaign","vulnerability","exploited_time","reserved_time","published_time"
"PittyTiger","China","299198","CVE-2014-1761","2014-05-01","2014-01-01","2014-03-01"
"PittyTiger","China","299198","CVE-2012-0158","2014-05-01","2011-12-01","2012-04-01"
"Scarlet Mimic","China","298854","CVE-2012-4969","2013-08-01","2012-09-01","2012-09-01"
"Scarlet Mimic","China","298853","CVE-2012-0158","2013-01-01","2011-12-01","2012-04-01"
"Scarlet Mimic","China","298853","CVE-2010-3333","2013-01-01","2010-09-01","2010-11-01"
"Scarlet Mimic","China","298853","CVE-2010-2572","2013-01-01","2010-06-01","2010-11-01"
"Scarlet Mimic","China","298853","CVE-2010-2883","2013-01-01","2010-07-01","2010-09-01"
"Scarlet Mimic","China","298853","CVE-2009-3129","2013-01-01","2009-09-01","2009-11-01"
"Leviathan","China","299164","CVE-2017-8759","2017-09-01","2017-05-01","2017-09-01"
"Leviathan","China","299165","CVE-2017-0199","2017-08-01","2016-09-01","2017-04-01"
"Leviathan","China","299167","CVE-2017-11882","2018-01-01","2017-07-01","2017-11-01"
"Elderwood","China","299122","CVE-2010-3962","2010-11-01","2010-10-01","2010-11-01"
"APT41","China","299081","CVE-2020-10189","2020-03-01","2016-09-01","2020-03-01"
"APT41","China","299079","CVE-2019-3396","2019-04-01","2018-12-01","2019-03-01"
"menuPass","China","299179","CVE-2017-11882","2017-07-01","2017-07-01","2017-11-01"
"menuPass","China","299179","CVE-2017-8759","2017-07-01","2017-05-01","2017-09-01"
"Lotus Blossom","China","299172","CVE-2014-6332","2015-11-01","2014-09-01","2014-11-01"
"Lotus Blossom","China","299170","CVE-2012-0158","2014-11-01","2011-12-01","2012-04-01"
"Lotus Blossom","China","299171","CVE-2017-11882","2018-01-01","2017-07-01","2017-11-01"
"APT19","China","298742","CVE-2015-0071","2014-11-01","2014-11-01","2015-02-01"
"APT19","China","298742","CVE-2014-9163","2014-11-01","2014-12-01","2014-12-01"
"APT19","China","298744","CVE-2017-0199","2017-04-01","2016-09-01","2017-04-01"
"Rancor","China","298842","CVE-2018-0798","2017-12-01","2017-12-01","2018-01-01"
"APT12","China","298728","CVE-2016-0189","2016-11-01","2015-12-01","2016-05-01"
"APT12","China","298728","CVE-2015-0116","2016-11-01","2014-11-01","2015-06-01"
"APT12","China","298727","CVE-2011-0609","2011-02-01","2011-01-01","2011-03-01"
"APT12","China","298731","CVE-2011-0611","2011-04-01","2011-01-01","2011-04-01"
"APT12","China","298729","CVE-2013-5990","2013-09-01","2013-10-01","2013-11-01"
"APT12","China","298730","CVE-2012-0158","2014-08-01","2011-12-01","2012-04-01"
"Naikon","China","299183","CVE-2012-0158","2014-03-01","2011-12-01","2012-04-01"
"Naikon","China","299182","CVE-2012-0158","2012-10-01","2011-12-01","2012-04-01"
"Naikon","China","299182","CVE-2010-3333","2012-10-01","2010-09-01","2010-11-01"
"admin@338","China","298726","CVE-2009-4324","2009-12-01","2009-12-01","2009-12-01"
"admin@338","China","298725","CVE-2012-0158","2015-08-01","2011-12-01","2012-04-01"
"admin@338","China","298724","CVE-2012-0158","2013-10-01","2011-12-01","2012-04-01"
"Threat Group-3390","China","298873","CVE-2008-1436","2010-04-01","2008-03-01","2008-04-01"
"Threat Group-3390","China","298875","CVE-2015-5123","2015-08-01","2015-06-01","2015-07-01"
"Threat Group-3390","China","298875","CVE-2015-5119","2015-08-01","2015-06-01","2015-07-01"
"Threat Group-3390","China","298875","CVE-2010-0738","2015-08-01","2010-02-01","2010-04-01"
"Threat Group-3390","China","298875","CVE-2014-6324","2015-08-01","2014-09-01","2014-11-01"
"Threat Group-3390","China","298875","CVE-2011-3544","2015-08-01","2011-09-01","2011-10-01"
"Threat Group-3390","China","298877","CVE-2017-11882","2017-10-01","2017-07-01","2017-11-01"
"Threat Group-3390","China","298878","CVE-2019-0604","2019-04-01","2018-11-01","2019-03-01"
"Threat Group-3390","China","298878","CVE-2017-0144","2019-04-01","2016-09-01","2017-03-01"
"APT18","China","298739","CVE-2015-5119","2015-07-01","2015-06-01","2015-07-01"
"APT18","China","298740","CVE-2015-5122","2015-07-01","2015-06-01","2015-07-01"
"Winnti Group","China","298894","CVE-2017-0199","2017-07-01","2016-09-01","2017-04-01"
"Winnti Group","China","298890","CVE-2013-0634","2013-04-01","2012-12-01","2013-02-01"
"Winnti Group","China","298891","CVE-2013-3906","2013-10-01","2013-06-01","2013-11-01"
"Winnti Group","China","298897","CVE-2017-11882","2019-03-01","2017-07-01","2017-11-01"
"TA459","China","298869","CVE-2017-0199","2017-04-01","2016-09-01","2017-04-01"
"APT16","China","298732","CVE-2015-1701","2015-11-01","2015-02-01","2015-04-01"
"APT16","China","298732","CVE-2015-2545","2015-11-01","2015-03-01","2015-09-01"
"Taidoor","China","299215","CVE-2014-1761","2014-03-01","2014-01-01","2014-03-01"
"Taidoor","China","299217","CVE-2012-1535","2012-09-01","2012-03-01","2012-08-01"
"Taidoor","China","299216","CVE-2013-3906","2013-11-01","2013-06-01","2013-11-01"
"Taidoor","China","299213","CVE-2009-3129","2011-10-01","2009-09-01","2009-11-01"
"Taidoor","China","299213","CVE-2010-3333","2011-10-01","2010-09-01","2010-11-01"
"Taidoor","China","299213","CVE-2011-0611","2011-10-01","2011-01-01","2011-04-01"
"Taidoor","China","299214","CVE-2011-0611","2011-06-01","2011-01-01","2011-04-01"
"Taidoor","China","299214","CVE-2010-3333","2011-06-01","2010-09-01","2010-11-01"
"Taidoor","China","299214","CVE-2009-4324","2011-06-01","2009-12-01","2009-12-01"
"Putter Panda","China","298839","CVE-2012-0158","2017-02-01","2011-12-01","2012-04-01"
"Suckfly","China","298868","CVE-2014-6332","2014-04-01","2014-09-01","2014-11-01"
"APT17","China","298738","CVE-2014-7247","2014-11-01","2014-09-01","2014-11-01"
"APT17","China","298733","CVE-2013-3893","2013-08-01","2013-06-01","2013-09-01"
"APT17","China","298734","CVE-2013-3918","2013-10-01","2013-06-01","2013-11-01"
"APT17","China","298735","CVE-2014-0324","2014-02-01","2013-12-01","2014-03-01"
"APT3","China","298766","CVE-2019-0703","2018-09-01","2018-11-01","2019-04-01"
"APT3","China","298765","CVE-2015-5119","2015-07-01","2015-06-01","2015-07-01"
"APT3","China","298764","CVE-2015-3113","2015-06-01","2015-04-01","2015-06-01"
"APT3","China","298763","CVE-2014-4113","2014-11-01","2014-06-01","2014-10-01"
"APT3","China","298763","CVE-2014-6332","2014-11-01","2014-09-01","2014-11-01"
"APT3","China","298762","CVE-2014-1776","2014-04-01","2014-01-01","2014-04-01"
"APT3","China","298767","CVE-2017-0143","2016-03-01","2016-09-01","2017-03-01"
"PLATINUM","China","299201","CVE-2015-2546","2015-08-01","2015-03-01","2015-09-01"
"PLATINUM","China","299201","CVE-2015-2545","2015-08-01","2015-03-01","2015-09-01"
"PLATINUM","China","299199","CVE-2013-7331","2013-05-01","2014-02-01","2014-02-01"
"PLATINUM","China","299199","CVE-2013-1331","2013-05-01","2013-01-01","2013-06-01"
"Ke3chang","China","299154","CVE-2010-2883","2012-01-01","2010-07-01","2010-09-01"
"Ke3chang","China","299154","CVE-2010-3333","2012-01-01","2010-09-01","2010-11-01"
"Ke3chang","China","299155","CVE-2015-2545","2012-03-01","2015-03-01","2015-09-01"
"Ke3chang","China","299153","CVE-2012-4681","2012-08-01","2012-08-01","2012-08-01"
"DragonOK","China","299113","CVE-2015-1641","2016-12-01","2015-02-01","2015-04-01"
"Deep Panda","China","299094","CVE-2012-4792","2013-03-01","2012-09-01","2012-12-01"
"Deep Panda","China","299093","CVE-2012-4969","2012-12-01","2012-09-01","2012-09-01"
"Deep Panda","China","299093","CVE-2012-4792","2012-12-01","2012-09-01","2012-12-01"
"BRONZE BUTLER","China","298798","CVE-2016-7836","2016-06-01","2016-09-01","2017-06-01"
"BRONZE BUTLER","China","298797","CVE-2014-4114","2015-07-01","2014-06-01","2014-10-01"
"APT30","China","298768","CVE-2012-0158","2014-03-01","2011-12-01","2012-04-01"
"Turla","Russia","298883","CVE-2008-4250","2008-10-01","2008-09-01","2008-10-01"
"Turla","Russia","298883","CVE-2008-3431","2008-10-01","2008-07-01","2008-08-01"
"Turla","Russia","298884","CVE-2013-5065","2013-02-01","2013-08-01","2013-11-01"
"Turla","Russia","298884","CVE-2013-3346","2013-02-01","2013-05-01","2013-08-01"
"Turla","Russia","298884","CVE-2013-2729","2013-02-01","2013-03-01","2013-05-01"
"Turla","Russia","298884","CVE-2009-3129","2013-02-01","2009-09-01","2009-11-01"
"Turla","Russia","298884","CVE-2010-0232","2013-02-01","2010-01-01","2010-01-01"
"Turla","Russia","298884","CVE-2009-1125","2013-02-01","2009-03-01","2009-06-01"
"Turla","Russia","298885","CVE-2012-1723","2012-09-01","2012-03-01","2012-06-01"
"Turla","Russia","298885","CVE-2009-1125","2012-09-01","2009-03-01","2009-06-01"
"Turla","Russia","298885","CVE-2012-4681","2012-09-01","2012-08-01","2012-08-01"
"Turla","Russia","298885","CVE-2010-0232","2012-09-01","2010-01-01","2010-01-01"
"Turla","Russia","298888","CVE-2017-0001","2017-03-01","2016-09-01","2017-03-01"
"Turla","Russia","298888","CVE-2017-0261","2017-03-01","2016-09-01","2017-05-01"
"APT28","Russia","298750","CVE-2015-1641","2016-05-01","2015-02-01","2015-04-01"
"APT28","Russia","298751","CVE-2016-7255","2016-10-01","2016-09-01","2016-11-01"
"APT28","Russia","298751","CVE-2016-7855","2016-10-01","2016-09-01","2016-11-01"
"APT28","Russia","298756","CVE-2015-7645","2015-10-01","2015-10-01","2015-10-01"
"APT28","Russia","298746","CVE-2015-2590","2015-07-01","2015-03-01","2015-07-01"
"APT28","Russia","298746","CVE-2015-4902","2015-07-01","2015-06-01","2015-10-01"
"APT28","Russia","298746","CVE-2015-2424","2015-07-01","2015-03-01","2015-07-01"
"APT28","Russia","298748","CVE-2010-3333","2011-10-01","2010-09-01","2010-11-01"
"APT28","Russia","298749","CVE-2015-1701","2015-04-01","2015-02-01","2015-04-01"
"APT28","Russia","298749","CVE-2014-1761","2015-04-01","2014-01-01","2014-03-01"
"APT28","Russia","298749","CVE-2015-3043","2015-04-01","2015-04-01","2015-04-01"
"APT28","Russia","298747","CVE-2012-0158","2012-01-01","2011-12-01","2012-04-01"
"APT28","Russia","298755","CVE-2017-11292","2017-10-01","2017-07-01","2017-10-01"
"APT28","Russia","298757","CVE-2017-0262","2017-03-01","2016-09-01","2017-05-01"
"APT28","Russia","298757","CVE-2017-0263","2017-03-01","2016-09-01","2017-05-01"
"Sandworm Team","Russia","298847","CVE-2014-4114","2014-08-01","2014-06-01","2014-10-01"
"Sandworm Team","Russia","298848","CVE-2014-6352","2014-10-01","2014-09-01","2014-10-01"
"Sandworm Team","Russia","298851","CVE-2014-1761","2014-09-01","2014-01-01","2014-03-01"
"Sandworm Team","Russia","298851","CVE-2010-3333","2014-09-01","2010-09-01","2010-11-01"
"Sandworm Team","Russia","298851","CVE-2012-0158","2014-09-01","2011-12-01","2012-04-01"
"Sandworm Team","Russia","298852","CVE-2013-3906","2014-06-01","2013-06-01","2013-11-01"
"RTM","Russia","298844","CVE-2012-0158","2015-10-01","2011-12-01","2012-04-01"
"RTM","Russia","298844","CVE-2015-2545","2015-10-01","2015-03-01","2015-09-01"
"RTM","Russia","298844","CVE-2015-1641","2015-10-01","2015-02-01","2015-04-01"
"RTM","Russia","298846","CVE-2016-4117","2016-10-01","2016-04-01","2016-05-01"
"APT29","Russia","298761","CVE-2015-1641","2015-04-01","2015-02-01","2015-04-01"
"APT29","Russia","298760","CVE-2013-0640","2013-02-01","2012-12-01","2013-02-01"
"Dragonfly","Russia","299106","CVE-2013-2465","2014-02-01","2013-03-01","2013-06-01"
"Cobalt Group","Russia","298804","CVE-2017-0199","2017-05-01","2016-09-01","2017-04-01"
"Cobalt Group","Russia","298803","CVE-2015-1641","2016-06-01","2015-02-01","2015-04-01"
"Cobalt Group","Russia","298809","CVE-2017-11882","2018-06-01","2017-07-01","2017-11-01"
"Cobalt Group","Russia","298809","CVE-2017-8570","2018-06-01","2017-05-01","2017-07-01"
"Cobalt Group","Russia","298809","CVE-2018-0802","2018-06-01","2017-12-01","2018-01-01"
"Cobalt Group","Russia","298809","CVE-2018-8174","2018-06-01","2018-03-01","2018-05-01"
"Cobalt Group","Russia","298806","CVE-2017-11882","2017-11-01","2017-07-01","2017-11-01"
"Cobalt Group","Russia","298807","CVE-2017-8759","2017-09-01","2017-05-01","2017-09-01"
"Cobalt Group","Russia","298808","CVE-2017-11882","2018-01-01","2017-07-01","2017-11-01"
"APT32","Vietnam","298773","CVE-2017-11882","2018-06-01","2017-07-01","2017-11-01"
"OilRig","Iran","299190","CVE-2017-0199","2017-08-01","2016-09-01","2017-04-01"
"OilRig","Iran","299193","CVE-2017-11882","2017-11-01","2017-07-01","2017-11-01"
"MuddyWater","Iran","299236","CVE-2017-0199","2019-05-01","2016-09-01","2017-04-01"
"Group5","Iran","299150","CVE-2014-4114","2015-10-01","2014-06-01","2014-10-01"
"DarkHydrus","Iran","299091","CVE-2018-8414","2018-07-01","2018-03-01","2018-08-01"
"CopyKittens","Iran","298811","CVE-2017-0199","2017-04-01","2016-09-01","2017-04-01"
"APT33","Iran","298779","CVE-2017-0213","2017-11-01","2016-09-01","2017-05-01"
"APT33","Iran","298777","CVE-2017-11774","2018-07-01","2017-07-01","2017-10-01"
"APT33","Iran","298776","CVE-2018-20250","2019-02-01","2018-12-01","2019-02-01"
"Kimsuky","North Korea","299161","CVE-2018-8174","2019-03-01","2018-03-01","2018-05-01"
"Lazarus Group","North Korea","298831","CVE-2018-4878","2018-02-01","2018-01-01","2018-02-01"
"Lazarus Group","North Korea","298825","CVE-2015-6585","2015-10-01","2015-08-01","2017-07-01"
"Lazarus Group","North Korea","298836","CVE-2019-3396","2019-05-01","2018-12-01","2019-03-01"
"Lazarus Group","North Korea","298835","CVE-2018-20250","2019-03-01","2018-12-01","2019-02-01"
"Lazarus Group","North Korea","298827","CVE-2015-8651","2017-01-01","2015-12-01","2015-12-01"
"Lazarus Group","North Korea","298827","CVE-2016-1019","2017-01-01","2015-12-01","2016-04-01"
"Lazarus Group","North Korea","298827","CVE-2016-0034","2017-01-01","2015-12-01","2016-01-01"
"Lazarus Group","North Korea","298827","CVE-2016-4117","2017-01-01","2016-04-01","2016-05-01"
"Lazarus Group","North Korea","298829","CVE-2017-0144","2017-05-01","2016-09-01","2017-03-01"
"Lazarus Group","North Korea","298829","CVE-2017-0145","2017-05-01","2016-09-01","2017-03-01"
"Lazarus Group","North Korea","298826","CVE-2016-7256","2016-10-01","2016-09-01","2016-11-01"
"Lazarus Group","North Korea","298826","CVE-2016-0189","2016-10-01","2015-12-01","2016-05-01"
"APT37","North Korea","298789","CVE-2015-2419","2016-04-01","2015-03-01","2015-07-01"
"APT37","North Korea","298787","CVE-2015-2545","2016-10-01","2015-03-01","2015-09-01"
"APT37","North Korea","298788","CVE-2015-7645","2016-06-01","2015-10-01","2015-10-01"
"APT37","North Korea","298786","CVE-2015-2387","2016-11-01","2015-03-01","2015-07-01"
"APT37","North Korea","298784","CVE-2013-4979","2017-05-01","2013-07-01","2014-01-01"
"APT37","North Korea","298783","CVE-2017-0199","2017-04-01","2016-09-01","2017-04-01"
"APT37","North Korea","298780","CVE-2016-4171","2016-03-01","2016-04-01","2016-06-01"
"APT37","North Korea","298781","CVE-2016-4117","2016-05-01","2016-04-01","2016-05-01"
"APT37","North Korea","298781","CVE-2014-8439","2016-05-01","2014-10-01","2014-11-01"
"APT37","North Korea","298781","CVE-2015-5119","2016-05-01","2015-06-01","2015-07-01"
"APT37","North Korea","298781","CVE-2016-1019","2016-05-01","2015-12-01","2016-04-01"
"APT37","North Korea","298781","CVE-2015-5122","2016-05-01","2015-06-01","2015-07-01"
"APT37","North Korea","298785","CVE-2018-4878","2017-10-01","2018-01-01","2018-02-01"
"APT37","North Korea","298790","CVE-2015-3105","2015-07-01","2015-04-01","2015-06-01"
"Silence","Unknown","299207","CVE-2017-11882","2018-05-01","2017-07-01","2017-11-01"
"Silence","Unknown","299204","CVE-2017-0143","2017-08-01","2016-09-01","2017-03-01"
"Silence","Unknown","299204","CVE-2008-4250","2017-08-01","2008-09-01","2008-10-01"
"Silence","Unknown","299204","CVE-2017-0263","2017-08-01","2016-09-01","2017-05-01"
"Silence","Unknown","299204","CVE-2017-0262","2017-08-01","2016-09-01","2017-05-01"
"Tropic Trooper","Unknown","298881","CVE-2012-0158","2016-08-01","2011-12-01","2012-04-01"
"Tropic Trooper","Unknown","298882","CVE-2017-0199","2018-01-01","2016-09-01","2017-04-01"
"Tropic Trooper","Unknown","298882","CVE-2018-0802","2018-01-01","2017-12-01","2018-01-01"
"Tropic Trooper","Unknown","298882","CVE-2017-11882","2018-01-01","2017-07-01","2017-11-01"
"Tropic Trooper","Unknown","298880","CVE-2010-3333","2012-02-01","2010-09-01","2010-11-01"
"Tropic Trooper","Unknown","298880","CVE-2012-0158","2012-02-01","2011-12-01","2012-04-01"
"Dust Storm","Unknown","299117","CVE-2010-1885","2011-10-01","2010-05-01","2010-06-01"
"Dust Storm","Unknown","299120","CVE-2014-0322","2014-02-01","2013-12-01","2014-02-01"
"Dust Storm","Unknown","299119","CVE-2013-5990","2013-03-01","2013-10-01","2013-11-01"
"Dust Storm","Unknown","299118","CVE-2011-0611","2012-06-01","2011-01-01","2011-04-01"
"Dust Storm","Unknown","299118","CVE-2012-1889","2012-06-01","2012-03-01","2012-06-01"
"Dust Storm","Unknown","299115","CVE-2011-1255","2011-06-01","2011-03-01","2011-06-01"
"Dust Storm","Unknown","299116","CVE-2011-0611","2011-04-01","2011-01-01","2011-04-01"
"The White Company","Unknown","299218","CVE-2015-1641","2017-08-01","2015-02-01","2015-04-01"
"NEODYMIUM","Unknown","299185","CVE-2017-8759","2017-07-01","2017-05-01","2017-09-01"
"NEODYMIUM","Unknown","299184","CVE-2016-4117","2016-05-01","2016-04-01","2016-05-01"
"FIN8","Unknown","299136","CVE-2016-0167","2016-03-01","2015-12-01","2016-04-01"
"BlackOasis","Unknown","298793","CVE-2016-4117","2016-05-01","2016-04-01","2016-05-01"
"BlackOasis","Unknown","298794","CVE-2016-0984","2015-06-01","2015-12-01","2016-02-01"
"BlackOasis","Unknown","298794","CVE-2015-5119","2015-06-01","2015-06-01","2015-07-01"
"BlackOasis","Unknown","298796","CVE-2017-8759","2017-09-01","2017-05-01","2017-09-01"
"BlackOasis","Unknown","298795","CVE-2017-11292","2017-10-01","2017-07-01","2017-10-01"
"Carbanak","Ukraine","298802","CVE-2017-8570","2018-03-01","2017-05-01","2017-07-01"
"Carbanak","Ukraine","298802","CVE-2018-0802","2018-03-01","2017-12-01","2018-01-01"
"Carbanak","Ukraine","298802","CVE-2017-11882","2018-03-01","2017-07-01","2017-11-01"
"Carbanak","Ukraine","298800","CVE-2015-2426","2015-08-01","2015-03-01","2015-07-01"
"Carbanak","Ukraine","298800","CVE-2015-1770","2015-08-01","2015-02-01","2015-06-01"
"Carbanak","Ukraine","298801","CVE-2014-1761","2013-10-01","2014-01-01","2014-03-01"
"Carbanak","Ukraine","298801","CVE-2012-2539","2013-10-01","2012-05-01","2012-12-01"
"Carbanak","Ukraine","298801","CVE-2013-3906","2013-10-01","2013-06-01","2013-11-01"
"Carbanak","Ukraine","298801","CVE-2012-0158","2013-10-01","2011-12-01","2012-04-01"
"Darkhotel","South Korea","298820","CVE-2016-4117","2016-04-01","2016-04-01","2016-05-01"
"Darkhotel","South Korea","298815","CVE-2017-11869","2017-03-01","2017-07-01","2017-11-01"
"Darkhotel","South Korea","298815","CVE-2016-0189","2017-03-01","2015-12-01","2016-05-01"
"Darkhotel","South Korea","298819","CVE-2015-8651","2015-11-01","2015-12-01","2015-12-01"
"Darkhotel","South Korea","298818","CVE-2020-0674","2020-01-01","2016-09-01","2020-02-01"
"Darkhotel","South Korea","298814","CVE-2015-5119","2015-07-01","2015-06-01","2015-07-01"
"Darkhotel","South Korea","298816","CVE-2018-8174","2018-04-01","2018-03-01","2018-05-01"
"Darkhotel","South Korea","298813","CVE-2014-0497","2014-02-01","2013-12-01","2014-02-01"
"Darkhotel","South Korea","298817","CVE-2018-8373","2018-08-01","2018-03-01","2018-08-01"
"Equation","USA","299124","CVE-2010-2568","2008-12-01","2010-06-01","2010-07-01"
"Equation","USA","299124","CVE-2009-1123","2008-12-01","2009-03-01","2009-06-01"
"Gorgon Group","Pakistan","299147","CVE-2012-0158","2017-07-01","2011-12-01","2012-04-01"
"Patchwork","India","299197","CVE-2017-0199","2017-07-01","2016-09-01","2017-04-01"
"Patchwork","India","299197","CVE-2012-1856","2017-07-01","2012-03-01","2012-08-01"
"Patchwork","India","299197","CVE-2017-8570","2017-07-01","2017-05-01","2017-07-01"
"Patchwork","India","299197","CVE-2014-4114","2017-07-01","2014-06-01","2014-10-01"
"Patchwork","India","299196","CVE-2015-2545","2018-01-01","2015-03-01","2015-09-01"
"Patchwork","India","299196","CVE-2017-0261","2018-01-01","2016-09-01","2017-05-01"
"Patchwork","India","299195","CVE-2017-8570","2018-03-01","2017-05-01","2017-07-01"
"Patchwork","India","299194","CVE-2014-4114","2015-12-01","2014-06-01","2014-10-01"
"Patchwork","India","299194","CVE-2015-1641","2015-12-01","2015-02-01","2015-04-01"
"Patchwork","India","299194","CVE-2012-0158","2015-12-01","2011-12-01","2012-04-01"
"Patchwork","India","299194","CVE-2014-6352","2015-12-01","2014-09-01","2014-10-01"
"PROMETHIUM","Turkey","298838","CVE-2016-4117","2016-05-01","2016-04-01","2016-05-01"
"Stealth Falcon","UAE","298859","CVE-2016-3393","2016-03-01","2016-03-01","2016-10-01"
"Stealth Falcon","UAE","298862","CVE-2018-8453","2018-08-01","2018-03-01","2018-10-01"
"Stealth Falcon","UAE","298863","CVE-2019-0797","2019-02-01","2018-11-01","2019-04-01"
"Stealth Falcon","UAE","298861","CVE-2018-8589","2018-10-01","2018-03-01","2018-11-01"
"Stealth Falcon","UAE","298861","CVE-2018-8611","2018-10-01","2018-03-01","2018-12-01"
"Stealth Falcon","UAE","298860","CVE-2016-4655","2016-08-01","2016-05-01","2016-08-01"
"Stealth Falcon","UAE","298860","CVE-2016-4657","2016-08-01","2016-05-01","2016-08-01"
"Stealth Falcon","UAE","298860","CVE-2016-4656","2016-08-01","2016-05-01","2016-08-01"
"Stealth Falcon","UAE","298864","CVE-2018-5002","2018-06-01","2018-01-01","2018-07-01"
"PittyTiger","China","299198","Spearphishing Attachment","2014-05-01","",""
"Scarlet Mimic","China","298854","Drive-by Compromise","2013-08-01","",""
"Scarlet Mimic","China","298853","Spearphishing Attachment","2013-01-01","",""
"Leviathan","China","299166","Spearphishing Attachment","2014-11-01","",""
"Leviathan","China","299168","Spearphishing Link","2018-07-01","",""
"Leviathan","China","299164","Spearphishing Attachment","2017-09-01","",""
"Leviathan","China","299164","Spearphishing Link","2017-09-01","",""
"Leviathan","China","299165","Spearphishing Link","2017-08-01","",""
"Leviathan","China","299167","Spearphishing Attachment","2018-01-01","",""
"Thrip","China","298879","Unknown","2018-06-01","",""
"Elderwood","China","299121","Unknown","2009-06-01","",""
"Elderwood","China","299123","Drive-by Compromise","2012-05-01","",""
"Elderwood","China","299122","Drive-by Compromise","2010-11-01","",""
"APT41","China","299081","Exploit Public-Facing Application","2020-03-01","",""
"APT41","China","299079","Exploit Public-Facing Application","2019-04-01","",""
"APT41","China","299078","Supply Chain Compromise","2018-07-01","",""
"APT41","China","298918","Valid Accounts","2017-07-01","",""
"APT41","China","298920","Valid Accounts","2018-05-01","",""
"APT41","China","298914","Supply Chain Compromise","2014-12-01","",""
"APT41","China","298915","Spearphishing Attachment","2016-07-01","",""
"APT41","China","298919","Spearphishing Attachment","2017-10-01","",""
"APT41","China","299080","External Remote Services","2020-01-01","",""
"APT41","China","298917","Supply Chain Compromise","2017-07-01","",""
"APT41","China","299077","Spearphishing Attachment","2018-06-01","",""
"APT41","China","299077","Supply Chain Compromise","2018-06-01","",""
"APT41","China","298916","Supply Chain Compromise","2017-03-01","",""
"menuPass","China","299179","Spearphishing Attachment","2017-07-01","",""
"menuPass","China","299181","Spearphishing Attachment","2018-07-01","",""
"menuPass","China","299178","Drive-by Compromise","2017-02-01","",""
"menuPass","China","299177","Spearphishing Attachment","2016-09-01","",""
"menuPass","China","299180","Spearphishing Attachment","2018-01-01","",""
"Lotus Blossom","China","299169","Spearphishing Attachment","2012-06-01","",""
"Lotus Blossom","China","299172","Spearphishing Link","2015-11-01","",""
"Lotus Blossom","China","299170","Spearphishing Attachment","2014-11-01","",""
"Lotus Blossom","China","299171","Spearphishing Attachment","2018-01-01","",""
"APT19","China","298743","Spearphishing Attachment","2017-06-01","",""
"APT19","China","298742","Drive-by Compromise","2014-11-01","",""
"APT19","China","298744","Spearphishing Attachment","2017-04-01","",""
"Rancor","China","298843","Spearphishing Attachment","2018-12-01","",""
"Rancor","China","298840","Spearphishing Link","2018-02-01","",""
"Rancor","China","298841","Spearphishing Attachment","2018-02-01","",""
"Rancor","China","298842","Spearphishing Attachment","2017-12-01","",""
"APT12","China","298728","Drive-by Compromise","2016-11-01","",""
"APT12","China","298727","Spearphishing Attachment","2011-02-01","",""
"APT12","China","298731","Spearphishing Attachment","2011-04-01","",""
"APT12","China","298729","Unknown","2013-09-01","",""
"APT12","China","298730","Spearphishing Attachment","2014-08-01","",""
"Naikon","China","299183","Spearphishing Attachment","2014-03-01","",""
"Naikon","China","299182","Spearphishing Attachment","2012-10-01","",""
"admin@338","China","298726","Spearphishing Attachment","2009-12-01","",""
"admin@338","China","298725","Spearphishing Attachment","2015-08-01","",""
"admin@338","China","298724","Spearphishing Attachment","2013-10-01","",""
"Threat Group-3390","China","298873","Spearphishing Attachment","2010-04-01","",""
"Threat Group-3390","China","298875","Drive-by Compromise","2015-08-01","",""
"Threat Group-3390","China","298877","Drive-by Compromise","2017-10-01","",""
"Threat Group-3390","China","298878","Exploit Public-Facing Application","2019-04-01","",""
"Threat Group-3390","China","298874","Spearphishing Attachment","2013-04-01","",""
"Threat Group-3390","China","298876","Spearphishing Attachment","2017-07-01","",""
"APT18","China","298741","Spearphishing Link","2015-06-01","",""
"APT18","China","298739","Spearphishing Attachment","2015-07-01","",""
"APT18","China","298740","Spearphishing Attachment","2015-07-01","",""
"Winnti Group","China","298894","Spearphishing Attachment","2017-07-01","",""
"Winnti Group","China","298890","Drive-by Compromise","2013-04-01","",""
"Winnti Group","China","298891","Spearphishing Attachment","2013-10-01","",""
"Winnti Group","China","298897","Spearphishing Attachment","2019-03-01","",""
"Winnti Group","China","298898","Unknown","2019-11-01","",""
"Winnti Group","China","298895","Spearphishing Link","2017-02-01","",""
"Winnti Group","China","298893","Unknown","2016-10-01","",""
"Winnti Group","China","298889","Spearphishing Attachment","2011-02-01","",""
"Winnti Group","China","298896","Spearphishing Link","2018-03-01","",""
"Winnti Group","China","298892","Unknown","2018-02-01","",""
"Night Dragon","China","299186","Spearphishing Link","2009-11-01","",""
"TA459","China","298869","Spearphishing Attachment","2017-04-01","",""
"APT16","China","298732","Spearphishing Attachment","2015-11-01","",""
"Taidoor","China","299215","Spearphishing Attachment","2014-03-01","",""
"Taidoor","China","299217","Spearphishing Attachment","2012-09-01","",""
"Taidoor","China","299216","Spearphishing Attachment","2013-11-01","",""
"Taidoor","China","299213","Spearphishing Attachment","2011-10-01","",""
"Taidoor","China","299214","Spearphishing Attachment","2011-06-01","",""
"Putter Panda","China","298839","Spearphishing Link","2017-02-01","",""
"Putter Panda","China","298839","Spearphishing Attachment","2017-02-01","",""
"Suckfly","China","298868","Spearphishing Attachment","2014-04-01","",""
"Suckfly","China","298868","Drive-by Compromise","2014-04-01","",""
"APT17","China","298738","Spearphishing Attachment","2014-11-01","",""
"APT17","China","298733","Drive-by Compromise","2013-08-01","",""
"APT17","China","298734","Drive-by Compromise","2013-10-01","",""
"APT17","China","298735","Drive-by Compromise","2014-02-01","",""
"APT17","China","298736","Spearphishing Attachment","2017-08-01","",""
"APT17","China","298737","Spearphishing Attachment","2014-01-01","",""
"APT3","China","298766","Exploit Public-Facing Application","2018-09-01","",""
"APT3","China","298765","Spearphishing Link","2015-07-01","",""
"APT3","China","298764","Spearphishing Link","2015-06-01","",""
"APT3","China","298763","Spearphishing Link","2014-11-01","",""
"APT3","China","298762","Spearphishing Link","2014-04-01","",""
"APT3","China","298767","Exploit Public-Facing Application","2016-03-01","",""
"APT1","China","298900","Spearphishing Link","2014-02-01","",""
"APT1","China","298901","Spearphishing Attachment","2018-05-01","",""
"APT1","China","298899","Spearphishing Attachment","2011-10-01","",""
"PLATINUM","China","299200","Spearphishing Attachment","2016-02-01","",""
"PLATINUM","China","299200","Drive-by Compromise","2016-02-01","",""
"PLATINUM","China","299202","Unknown","2018-06-01","",""
"PLATINUM","China","299201","Spearphishing Attachment","2015-08-01","",""
"PLATINUM","China","299199","Spearphishing Attachment","2013-05-01","",""
"Ke3chang","China","299154","Spearphishing Attachment","2012-01-01","",""
"Ke3chang","China","299155","Spearphishing Attachment","2012-03-01","",""
"Ke3chang","China","299153","Drive-by Compromise","2012-08-01","",""
"Ke3chang","China","299152","Spearphishing Link","2010-10-01","",""
"Ke3chang","China","299156","External Remote Services","2016-04-01","",""
"DragonOK","China","299114","Spearphishing Attachment","2017-01-01","",""
"DragonOK","China","299112","Spearphishing Attachment","2015-01-01","",""
"DragonOK","China","299113","Spearphishing Attachment","2016-12-01","",""
"Deep Panda","China","299095","Unknown","2014-06-01","",""
"Deep Panda","China","299098","Unknown","2014-08-01","",""
"Deep Panda","China","299101","Unknown","2014-12-01","",""
"Deep Panda","China","299096","Unknown","2014-03-01","",""
"Deep Panda","China","299103","Drive-by Compromise","2015-05-01","",""
"Deep Panda","China","299103","Unknown","2015-05-01","",""
"Deep Panda","China","299100","Unknown","2014-11-01","",""
"Deep Panda","China","299102","Unknown","2015-03-01","",""
"Deep Panda","China","299099","Unknown","2014-07-01","",""
"Deep Panda","China","299097","Unknown","2014-04-01","",""
"Deep Panda","China","299094","Drive-by Compromise","2013-03-01","",""
"Deep Panda","China","299093","Drive-by Compromise","2012-12-01","",""
"BRONZE BUTLER","China","298799","Exploit Public-Facing Application","2019-06-01","",""
"BRONZE BUTLER","China","298798","Exploit Public-Facing Application","2016-06-01","",""
"BRONZE BUTLER","China","298797","Spearphishing Attachment","2015-07-01","",""
"BRONZE BUTLER","China","298797","Drive-by Compromise","2015-07-01","",""
"APT30","China","298769","Spearphishing Attachment","2012-04-01","",""
"APT30","China","298768","Spearphishing Attachment","2014-03-01","",""
"Turla","Russia","298883","Spearphishing Attachment","2008-10-01","",""
"Turla","Russia","298883","Drive-by Compromise","2008-10-01","",""
"Turla","Russia","298884","Spearphishing Attachment","2013-02-01","",""
"Turla","Russia","298885","Drive-by Compromise","2012-09-01","",""
"Turla","Russia","298888","Spearphishing Attachment","2017-03-01","",""
"Turla","Russia","298887","Spearphishing Attachment","2016-11-01","",""
"Turla","Russia","298886","Unknown","2016-08-01","",""
"TEMP.Veles","Russia","298871","Unknown","2017-06-01","",""
"TEMP.Veles","Russia","298872","Unknown","2018-10-01","",""
"TEMP.Veles","Russia","298870","Unknown","2014-09-01","",""
"APT28","Russia","298750","Spearphishing Attachment","2016-05-01","",""
"APT28","Russia","298751","Spearphishing Attachment","2016-10-01","",""
"APT28","Russia","298756","Spearphishing Link","2015-10-01","",""
"APT28","Russia","298746","Spearphishing Link","2015-07-01","",""
"APT28","Russia","298746","Drive-by Compromise","2015-07-01","",""
"APT28","Russia","298748","Spearphishing Attachment","2011-10-01","",""
"APT28","Russia","298749","Spearphishing Link","2015-04-01","",""
"APT28","Russia","298747","Spearphishing Attachment","2012-01-01","",""
"APT28","Russia","298755","Spearphishing Attachment","2017-10-01","",""
"APT28","Russia","298757","Spearphishing Attachment","2017-03-01","",""
"APT28","Russia","298754","Spearphishing Attachment","2019-02-01","",""
"APT28","Russia","298745","Spearphishing Attachment","2011-10-01","",""
"APT28","Russia","298753","Spearphishing Attachment","2018-03-01","",""
"APT28","Russia","298752","Spearphishing Attachment","2018-10-01","",""
"Sandworm Team","Russia","298849","Spearphishing Attachment","2019-03-01","",""
"Sandworm Team","Russia","298850","Spearphishing Attachment","2015-12-01","",""
"Sandworm Team","Russia","298847","Spearphishing Attachment","2014-08-01","",""
"Sandworm Team","Russia","298848","Spearphishing Attachment","2014-10-01","",""
"Sandworm Team","Russia","298851","Unknown","2014-09-01","",""
"Sandworm Team","Russia","298852","Spearphishing Attachment","2014-06-01","",""
"RTM","Russia","298845","Spearphishing Attachment","2016-04-01","",""
"RTM","Russia","298845","Spearphishing Link","2016-04-01","",""
"RTM","Russia","298844","Drive-by Compromise","2015-10-01","",""
"RTM","Russia","298844","Spearphishing Attachment","2015-10-01","",""
"RTM","Russia","298846","Unknown","2016-10-01","",""
"APT29","Russia","298761","Spearphishing Attachment","2015-04-01","",""
"APT29","Russia","298760","Spearphishing Attachment","2013-02-01","",""
"APT29","Russia","298758","Spearphishing Link","2018-11-01","",""
"APT29","Russia","298759","Spearphishing Link","2015-06-01","",""
"Gamaredon Group","Russia","299140","Spearphishing Attachment","2013-09-01","",""
"Gamaredon Group","Russia","299144","Spearphishing Attachment","2015-01-01","",""
"Gamaredon Group","Russia","299142","Spearphishing Attachment","2014-06-01","",""
"Gamaredon Group","Russia","299145","Spearphishing Attachment","2019-04-01","",""
"Gamaredon Group","Russia","299141","Spearphishing Attachment","2014-04-01","",""
"Gamaredon Group","Russia","299143","Spearphishing Attachment","2014-10-01","",""
"FIN7","Russia","299130","Spearphishing Attachment","2017-03-01","",""
"FIN7","Russia","299129","Spearphishing Attachment","2017-02-01","",""
"FIN7","Russia","299131","Spearphishing Attachment","2017-06-01","",""
"FIN7","Russia","299135","Spearphishing Attachment","2018-06-01","",""
"FIN7","Russia","299134","Spearphishing Attachment","2018-11-01","",""
"FIN7","Russia","299132","Spearphishing Attachment","2017-10-01","",""
"FIN7","Russia","299133","Spearphishing Attachment","2018-05-01","",""
"Dragonfly 2.0","Russia","299111","Drive-by Compromise","2017-05-01","",""
"Dragonfly 2.0","Russia","299111","Spearphishing Attachment","2017-05-01","",""
"Dragonfly","Russia","299104","Spearphishing Attachment","2013-02-01","",""
"Dragonfly","Russia","299105","Drive-by Compromise","2013-05-01","",""
"Dragonfly","Russia","299109","Drive-by Compromise","2017-05-01","",""
"Dragonfly","Russia","299108","Unknown","2017-04-01","",""
"Dragonfly","Russia","299107","Drive-by Compromise","2016-03-01","",""
"Dragonfly","Russia","299106","Drive-by Compromise","2014-02-01","",""
"Cobalt Group","Russia","298805","Spearphishing Attachment","2017-02-01","",""
"Cobalt Group","Russia","298804","Spearphishing Attachment","2017-05-01","",""
"Cobalt Group","Russia","298803","Spearphishing Attachment","2016-06-01","",""
"Cobalt Group","Russia","298809","Spearphishing Attachment","2018-06-01","",""
"Cobalt Group","Russia","298806","Spearphishing Attachment","2017-11-01","",""
"Cobalt Group","Russia","298807","Spearphishing Attachment","2017-09-01","",""
"Cobalt Group","Russia","298808","Spearphishing Attachment","2018-01-01","",""
"APT32","Vietnam","298773","Spearphishing Attachment","2018-06-01","",""
"APT32","Vietnam","298774","Drive-by Compromise","2018-09-01","",""
"APT32","Vietnam","298770","Drive-by Compromise","2017-03-01","",""
"APT32","Vietnam","298772","Spearphishing Attachment","2018-01-01","",""
"APT32","Vietnam","298775","Spearphishing Attachment","2019-02-01","",""
"APT32","Vietnam","298771","Spearphishing Link","2017-05-01","",""
"APT32","Vietnam","298771","Spearphishing Attachment","2017-05-01","",""
"Leafminer","Iran","299163","Drive-by Compromise","2017-01-01","",""
"OilRig","Iran","299190","Spearphishing Attachment","2017-08-01","",""
"OilRig","Iran","299193","Spearphishing Attachment","2017-11-01","",""
"OilRig","Iran","299191","Spearphishing Attachment","2017-07-01","",""
"OilRig","Iran","299187","Spearphishing Attachment","2018-05-01","",""
"OilRig","Iran","299192","Spearphishing Attachment","2016-05-01","",""
"OilRig","Iran","299188","Spearphishing Link","2018-01-01","",""
"OilRig","Iran","299189","Spearphishing Attachment","2018-08-01","",""
"Magic Hound","Iran","299176","Spearphishing Link","2016-12-01","",""
"Magic Hound","Iran","299175","Spearphishing Attachment","2016-06-01","",""
"Magic Hound","Iran","299174","Spearphishing Attachment","2015-02-01","",""
"Magic Hound","Iran","299173","Spearphishing via Service","2014-06-01","",""
"Magic Hound","Iran","299173","Spearphishing Link","2014-06-01","",""
"Magic Hound","Iran","299173","Spearphishing Attachment","2014-06-01","",""
"MuddyWater","Iran","299236","Spearphishing Attachment","2019-05-01","",""
"MuddyWater","Iran","299231","Spearphishing Attachment","2017-02-01","",""
"MuddyWater","Iran","299235","Spearphishing Attachment","2019-04-01","",""
"MuddyWater","Iran","299232","Spearphishing Attachment","2018-01-01","",""
"MuddyWater","Iran","299233","Spearphishing Attachment","2018-05-01","",""
"MuddyWater","Iran","299234","Spearphishing Attachment","2018-09-01","",""
"Group5","Iran","299150","Drive-by Compromise","2015-10-01","",""
"Group5","Iran","299150","Spearphishing Attachment","2015-10-01","",""
"DarkHydrus","Iran","299092","Spearphishing Attachment","2019-01-01","",""
"DarkHydrus","Iran","299090","Spearphishing Attachment","2018-06-01","",""
"DarkHydrus","Iran","299091","Spearphishing Attachment","2018-07-01","",""
"CopyKittens","Iran","298810","Drive-by Compromise","2017-03-01","",""
"CopyKittens","Iran","298811","Spearphishing Attachment","2017-04-01","",""
"Charming Kitten","Iran","299086","Drive-by Compromise","2018-06-01","",""
"Charming Kitten","Iran","299089","Spearphishing Link","2019-01-01","",""
"Charming Kitten","Iran","299084","Drive-by Compromise","2016-02-01","",""
"Charming Kitten","Iran","299087","Spearphishing Link","2017-01-01","",""
"Charming Kitten","Iran","299083","Spearphishing Link","2015-05-01","",""
"Charming Kitten","Iran","299083","Spearphishing Attachment","2015-05-01","",""
"Charming Kitten","Iran","299082","Spearphishing via Service","2011-01-01","",""
"Charming Kitten","Iran","299088","Spearphishing Link","2018-10-01","",""
"Charming Kitten","Iran","299085","Unknown","2017-08-01","",""
"APT39","Iran","298792","Spearphishing Attachment","2018-09-01","",""
"APT33","Iran","298778","Spearphishing Attachment","2017-10-01","",""
"APT33","Iran","298779","Spearphishing Attachment","2017-11-01","",""
"APT33","Iran","298777","Valid Accounts","2018-07-01","",""
"APT33","Iran","298776","Spearphishing Attachment","2019-02-01","",""
"Stolen Pencil","North Korea","298865","Spearphishing Link","2018-05-01","",""
"Stolen Pencil","North Korea","298866","Spearphishing Attachment","2018-11-01","",""
"Kimsuky","North Korea","299159","Spearphishing Attachment","2019-01-01","",""
"Kimsuky","North Korea","299157","Spearphishing Attachment","2013-01-01","",""
"Kimsuky","North Korea","299160","Spearphishing Attachment","2020-02-01","",""
"Kimsuky","North Korea","299158","Spearphishing Attachment","2014-12-01","",""
"Kimsuky","North Korea","299162","Spearphishing Attachment","2018-11-01","",""
"Kimsuky","North Korea","299161","Drive-by Compromise","2019-03-01","",""
"Lazarus Group","North Korea","298831","Spearphishing Attachment","2018-02-01","",""
"Lazarus Group","North Korea","298825","Spearphishing Attachment","2015-10-01","",""
"Lazarus Group","North Korea","298836","Exploit Public-Facing Application","2019-05-01","",""
"Lazarus Group","North Korea","298835","Spearphishing Attachment","2019-03-01","",""
"Lazarus Group","North Korea","298827","Drive-by Compromise","2017-01-01","",""
"Lazarus Group","North Korea","298829","Exploit Public-Facing Application","2017-05-01","",""
"Lazarus Group","North Korea","298826","Unknown","2016-10-01","",""
"Lazarus Group","North Korea","298834","Spearphishing Link","2018-10-01","",""
"Lazarus Group","North Korea","298832","Spearphishing Attachment","2018-04-01","",""
"Lazarus Group","North Korea","298822","Spearphishing Attachment","2013-03-01","",""
"Lazarus Group","North Korea","298823","Unknown","2014-11-01","",""
"Lazarus Group","North Korea","298824","Spearphishing Attachment","2015-06-01","",""
"Lazarus Group","North Korea","298828","Spearphishing Attachment","2017-03-01","",""
"Lazarus Group","North Korea","298833","Spearphishing Link","2018-08-01","",""
"Lazarus Group","North Korea","298830","Spearphishing Attachment","2017-07-01","",""
"APT38","North Korea","298912","Spearphishing Attachment","2018-08-01","",""
"APT38","North Korea","298904","Unknown","2016-05-01","",""
"APT38","North Korea","298911","Unknown","2018-05-01","",""
"APT38","North Korea","298908","Drive-by Compromise","2016-10-01","",""
"APT38","North Korea","298906","Unknown","2016-01-01","",""
"APT38","North Korea","298905","Unknown","2015-01-01","",""
"APT38","North Korea","298907","Unknown","2016-02-01","",""
"APT38","North Korea","298909","Unknown","2017-10-01","",""
"APT38","North Korea","298903","Unknown","2015-10-01","",""
"APT38","North Korea","298913","Spearphishing Attachment","2018-12-01","",""
"APT38","North Korea","298902","Unknown","2015-07-01","",""
"APT38","North Korea","298910","Unknown","2018-04-01","",""
"APT37","North Korea","298789","Spearphishing Link","2016-04-01","",""
"APT37","North Korea","298787","Spearphishing Attachment","2016-10-01","",""
"APT37","North Korea","298788","Spearphishing Attachment","2016-06-01","",""
"APT37","North Korea","298786","Spearphishing Attachment","2016-11-01","",""
"APT37","North Korea","298784","Spearphishing Attachment","2017-05-01","",""
"APT37","North Korea","298783","Spearphishing Attachment","2017-04-01","",""
"APT37","North Korea","298780","Spearphishing Link","2016-03-01","",""
"APT37","North Korea","298781","Unknown","2016-05-01","",""
"APT37","North Korea","298781","Drive-by Compromise","2016-05-01","",""
"APT37","North Korea","298785","Spearphishing Attachment","2017-10-01","",""
"APT37","North Korea","298790","Spearphishing Attachment","2015-07-01","",""
"APT37","North Korea","298782","Spearphishing Attachment","2016-08-01","",""
"Honeybee","Unknown","299151","Spearphishing Attachment","2017-08-01","",""
"Silence","Unknown","299211","Spearphishing Attachment","2019-06-01","",""
"Silence","Unknown","299209","Spearphishing Attachment","2019-02-01","",""
"Silence","Unknown","299212","Spearphishing Attachment","2019-07-01","",""
"Silence","Unknown","299203","Spearphishing Attachment","2016-06-01","",""
"Silence","Unknown","299206","Unknown","2018-04-01","",""
"Silence","Unknown","299205","Unknown","2018-02-01","",""
"Silence","Unknown","299208","Spearphishing Attachment","2018-08-01","",""
"Silence","Unknown","299210","Spearphishing Attachment","2019-05-01","",""
"Silence","Unknown","299207","Spearphishing Attachment","2018-05-01","",""
"Silence","Unknown","299204","Spearphishing Attachment","2017-08-01","",""
"Tropic Trooper","Unknown","298881","Spearphishing Attachment","2016-08-01","",""
"Tropic Trooper","Unknown","298882","Spearphishing Attachment","2018-01-01","",""
"Tropic Trooper","Unknown","298880","Spearphishing Attachment","2012-02-01","",""
"Dust Storm","Unknown","299117","Spearphishing Attachment","2011-10-01","",""
"Dust Storm","Unknown","299120","Drive-by Compromise","2014-02-01","",""
"Dust Storm","Unknown","299119","Unknown","2013-03-01","",""
"Dust Storm","Unknown","299118","Drive-by Compromise","2012-06-01","",""
"Dust Storm","Unknown","299118","Spearphishing Attachment","2012-06-01","",""
"Dust Storm","Unknown","299115","Spearphishing Link","2011-06-01","",""
"Dust Storm","Unknown","299116","Spearphishing Attachment","2011-04-01","",""
"Sowbug","Unknown","298857","Unknown","2016-09-01","",""
"Sowbug","Unknown","298856","Unknown","2015-03-01","",""
"The White Company","Unknown","299218","Spearphishing Attachment","2017-08-01","",""
"Poseidon Group","Unknown","298837","Spearphishing Attachment","2015-09-01","",""
"Strider","Unknown","298867","Unknown","2015-09-01","",""
"WIRTE","Unknown","299219","Spearphishing Attachment","2018-08-01","",""
"NEODYMIUM","Unknown","299185","Spearphishing Attachment","2017-07-01","",""
"NEODYMIUM","Unknown","299184","Spearphishing Attachment","2016-05-01","",""
"GCMAN","Unknown","299146","Spearphishing Attachment","2014-01-01","",""
"GCMAN","Unknown","299146","Exploit Public-Facing Application","2014-01-01","",""
"Gallmaker","Unknown","299139","Spearphishing Attachment","2017-12-01","",""
"FIN8","Unknown","299138","Unknown","2019-03-01","",""
"FIN8","Unknown","299137","Spearphishing Attachment","2017-02-01","",""
"FIN8","Unknown","299136","Spearphishing Attachment","2016-03-01","",""
"FIN6","Unknown","299128","Unknown","2019-01-01","",""
"FIN5","Unknown","299127","Valid Accounts","2008-03-01","",""
"FIN10","Unknown","299125","Spearphishing via Service","2013-01-01","",""
"FIN10","Unknown","299125","Spearphishing Link","2013-01-01","",""
"BlackOasis","Unknown","298793","Spearphishing Attachment","2016-05-01","",""
"BlackOasis","Unknown","298794","Spearphishing Attachment","2015-06-01","",""
"BlackOasis","Unknown","298796","Spearphishing Attachment","2017-09-01","",""
"BlackOasis","Unknown","298795","Spearphishing Attachment","2017-10-01","",""
"Carbanak","Ukraine","298802","Spearphishing Attachment","2018-03-01","",""
"Carbanak","Ukraine","298800","Spearphishing Attachment","2015-08-01","",""
"Carbanak","Ukraine","298801","Spearphishing Attachment","2013-10-01","",""
"Dark Caracal","Lebanon","298812","Spearphishing Attachment","2018-01-01","",""
"Darkhotel","South Korea","298821","External Remote Services","2020-03-01","",""
"Darkhotel","South Korea","298820","Drive-by Compromise","2016-04-01","",""
"Darkhotel","South Korea","298820","Spearphishing Attachment","2016-04-01","",""
"Darkhotel","South Korea","298815","Drive-by Compromise","2017-03-01","",""
"Darkhotel","South Korea","298819","Spearphishing Attachment","2015-11-01","",""
"Darkhotel","South Korea","298818","Drive-by Compromise","2020-01-01","",""
"Darkhotel","South Korea","298814","Drive-by Compromise","2015-07-01","",""
"Darkhotel","South Korea","298816","Drive-by Compromise","2018-04-01","",""
"Darkhotel","South Korea","298816","Spearphishing Attachment","2018-04-01","",""
"Darkhotel","South Korea","298813","Spearphishing Attachment","2014-02-01","",""
"Darkhotel","South Korea","298817","Spearphishing Attachment","2018-08-01","",""
"Equation","USA","299124","Replication Through Removable Media","2008-12-01","",""
"Gorgon Group","Pakistan","299149","Spearphishing Attachment","2019-03-01","",""
"Gorgon Group","Pakistan","299148","Spearphishing Attachment","2018-02-01","",""
"Gorgon Group","Pakistan","299147","Spearphishing Attachment","2017-07-01","",""
"Molerats","Gaza","299221","Spearphishing Link","2013-06-01","",""
"Molerats","Gaza","299221","Spearphishing Attachment","2013-06-01","",""
"Molerats","Gaza","299225","Spearphishing Link","2016-05-01","",""
"Molerats","Gaza","299225","Spearphishing Attachment","2016-05-01","",""
"Molerats","Gaza","299223","Spearphishing Link","2014-04-01","",""
"Molerats","Gaza","299224","Spearphishing Link","2015-09-01","",""
"Molerats","Gaza","299224","Spearphishing Attachment","2015-09-01","",""
"Molerats","Gaza","299229","Spearphishing Attachment","2019-02-01","",""
"Molerats","Gaza","299230","Spearphishing Attachment","2019-11-01","",""
"Molerats","Gaza","299226","Spearphishing Attachment","2017-03-01","",""
"Molerats","Gaza","299228","Spearphishing Attachment","2017-09-01","",""
"Molerats","Gaza","299222","Spearphishing Attachment","2014-03-01","",""
"Molerats","Gaza","299222","Spearphishing via Service","2014-03-01","",""
"Molerats","Gaza","299220","Spearphishing Attachment","2012-11-01","",""
"Molerats","Gaza","299227","Spearphishing Attachment","2017-06-01","",""
"Patchwork","India","299197","Spearphishing Link","2017-07-01","",""
"Patchwork","India","299197","Drive-by Compromise","2017-07-01","",""
"Patchwork","India","299196","Spearphishing Link","2018-01-01","",""
"Patchwork","India","299195","Spearphishing Link","2018-03-01","",""
"Patchwork","India","299194","Spearphishing Link","2015-12-01","",""
"Patchwork","India","299194","Drive-by Compromise","2015-12-01","",""
"Patchwork","India","299194","Spearphishing Attachment","2015-12-01","",""
"Patchwork","India","299194","Spearphishing via Service","2015-12-01","",""
"PROMETHIUM","Turkey","298838","Spearphishing via Service","2016-05-01","",""
"SilverTerrier","Nigeria","298855","Spearphishing Attachment","2014-07-01","",""
"Stealth Falcon","UAE","298858","Spearphishing Link","2015-11-01","",""
"Stealth Falcon","UAE","298859","Drive-by Compromise","2016-03-01","",""
"Stealth Falcon","UAE","298862","Unknown","2018-08-01","",""
"Stealth Falcon","UAE","298863","Unknown","2019-02-01","",""
"Stealth Falcon","UAE","298861","Unknown","2018-10-01","",""
"Stealth Falcon","UAE","298860","Spearphishing via Service","2016-08-01","",""
"Stealth Falcon","UAE","298864","Spearphishing Attachment","2018-06-01","",""
"FIN4","Romania","299126","Spearphishing Link","2013-06-01","",""
"FIN4","Romania","299126","Spearphishing Attachment","2013-06-01","",""
